{
    "m2a": {
        "M1": {
            "x": -0.42820000000000036,
            "y": -0.0691999999999977
        },
        "M2": {
            "x": 0.6432999999999998,
            "y": -0.015799999999999825
        },
        "M3": {
            "x": -0.0004000000000000001,
            "y": -0.15000000000000002
        },
        "M4": {
            "x": 0.0,
            "y": -0.2
        },
        "M5": {
            "x": 0.043099999999999986,
            "y": -0.14260000000000006
        },
        "M6": {
            "x": 0.0,
            "y": 0.0
        }
    },
    "m2b": {
        "M1": {
            "x": -0.42820000000000036,
            "y": -0.0691999999999977
        },
        "M2": {
            "x": 0.6401000000000001,
            "y": -0.02199999999999982
        },
        "M3": {
            "x": -0.0004000000000000001,
            "y": -0.15000000000000002
        },
        "M4": {
            "x": 0.0,
            "y": -0.2
        },
        "M5": {
            "x": 0.043099999999999986,
            "y": -0.14260000000000006
        },
        "M6": {
            "x": 0.015,
            "y": 0.009999999999999998
        }
    },
    "m3a": {
        "M1": {
            "x": -0.25120000000000053,
            "y": 0.4054000000000021
        },
        "M2": {
            "x": 0.9408000000000003,
            "y": -0.20019999999999993
        },
        "M3": {
            "x": 0.14519999999999986,
            "y": -0.06610000000000019
        },
        "M4": {
            "x": 0.47399999999999987,
            "y": 0.2965
        },
        "M5": {
            "x": 0.043099999999999986,
            "y": -0.14260000000000006
        },
        "M6": {
            "x": 0.0,
            "y": 0.0
        }
    },
    "m3b": {
        "M1": {
            "x": -0.25120000000000053,
            "y": 0.4054000000000021
        },
        "M2": {
            "x": 0.9408000000000003,
            "y": -0.18669999999999992
        },
        "M3": {
            "x": 0.1427999999999998,
            "y": -0.06930000000000028
        },
        "M4": {
            "x": 0.47399999999999987,
            "y": 0.2965
        },
        "M5": {
            "x": 0.043099999999999986,
            "y": -0.14260000000000006
        },
        "M6": {
            "x": 0.0,
            "y": 0.0
        }
    },
    "m4a": {
        "M1": {
            "x": 0.06879999999999961,
            "y": 0.40380000000000227
        },
        "M2": {
            "x": 0.9408000000000003,
            "y": -0.20019999999999993
        },
        "M3": {
            "x": 0.0,
            "y": -0.15000000000000002
        },
        "M4": {
            "x": 0.5592999999999998,
            "y": 0.1568999999999998
        },
        "M5": {
            "x": 0.06809999999999998,
            "y": -0.14260000000000006
        },
        "M6": {
            "x": 0.0,
            "y": 0.0
        }
    },
    "m4b": {
        "M1": {
            "x": 0.06879999999999961,
            "y": 0.40380000000000227
        },
        "M2": {
            "x": 0.9408000000000003,
            "y": -0.20019999999999993
        },
        "M3": {
            "x": 0.0,
            "y": -0.15000000000000002
        },
        "M4": {
            "x": 0.5527,
            "y": 0.15289999999999968
        },
        "M5": {
            "x": 0.06809999999999998,
            "y": -0.14260000000000006
        },
        "M6": {
            "x": 0.0,
            "y": 0.0
        }
    },
    "m5a": {
        "M1": {
            "x": 0.05419999999999994,
            "y": -0.5829999999999976
        },
        "M2": {
            "x": 0.0,
            "y": -0.25
        },
        "M3": {
            "x": 0.0,
            "y": -0.15000000000000002
        },
        "M4": {
            "x": 0.05,
            "y": -0.18
        },
        "M5": {
            "x": 0.11110000000000003,
            "y": 0.20949999999999966
        },
        "M6": {
            "x": 0.0,
            "y": 0.44999999999999996
        }
    },
    "m5b": {
        "M1": {
            "x": 0.05419999999999994,
            "y": -0.5829999999999976
        },
        "M2": {
            "x": 0.0,
            "y": -0.25
        },
        "M3": {
            "x": 0.0,
            "y": -0.15000000000000002
        },
        "M4": {
            "x": 0.05,
            "y": -0.18
        },
        "M5": {
            "x": 0.1062999999999999,
            "y": 0.2004999999999994
        },
        "M6": {
            "x": 0.0,
            "y": 0.44999999999999996
        }
    },
    "m6a": {
        "M1": {
            "x": -0.31920000000000026,
            "y": -0.5657999999999999
        },
        "M2": {
            "x": 0.0,
            "y": 0.0
        },
        "M3": {
            "x": 0.0,
            "y": 0.0
        },
        "M4": {
            "x": 0.0,
            "y": 0.0
        },
        "M5": {
            "x": 0.0,
            "y": 0.0
        },
        "M6": {
            "x": -0.3202000000000001,
            "y": 0.32030000000000075
        }
    },
    "m6b": {
        "M1": {
            "x": -0.31920000000000026,
            "y": -0.5657999999999999
        },
        "M2": {
            "x": 0.0,
            "y": 0.0
        },
        "M3": {
            "x": 0.0,
            "y": 0.0
        },
        "M4": {
            "x": 0.0,
            "y": 0.0
        },
        "M5": {
            "x": 0.0,
            "y": 0.0
        },
        "M6": {
            "x": -0.32480000000000014,
            "y": 0.31150000000000083
        }
    },
    "mirror": {
        "M1": {
            "x": 0.053999999999999944,
            "y": -0.579199999999998
        },
        "M2": {
            "x": 0.0,
            "y": -0.25
        },
        "M3": {
            "x": 0.0,
            "y": -0.15000000000000002
        },
        "M4": {
            "x": 0.05,
            "y": -0.18
        },
        "M5": {
            "x": 0.15410000000000001,
            "y": 0.34789999999999993
        },
        "M6": {
            "x": 0.0,
            "y": 0.0
        }
    },
    "normal": {
        "M1": {
            "x": 0.0,
            "y": 0.0
        },
        "M2": {
            "x": 0.0,
            "y": 0.0
        },
        "M3": {
            "x": 0.0,
            "y": 0.0
        },
        "M4": {
            "x": 0.0,
            "y": 0.0
        }
    },
    "om1m2r": {
        "M1": {
            "x": -0.42820000000000036,
            "y": -0.0691999999999977
        },
        "M2": {
            "x": 0.9445999999999999,
            "y": -0.20019999999999993
        },
        "M3": {
            "x": -0.0004000000000000001,
            "y": -0.15000000000000002
        },
        "M4": {
            "x": 0.0,
            "y": -0.2
        },
        "M5": {
            "x": 0.043099999999999986,
            "y": -0.14260000000000006
        }
    },
    "om1m2t1": {
        "M1": {
            "x": -0.42820000000000036,
            "y": -0.0691999999999977
        },
        "M2": {
            "x": 0.664899999999999,
            "y": 0.09440000000000019
        },
        "M3": {
            "x": -0.0004000000000000001,
            "y": -0.15000000000000002
        },
        "M4": {
            "x": 0.0,
            "y": -0.2
        },
        "M5": {
            "x": 0.043099999999999986,
            "y": -0.14260000000000006
        }
    },
    "om1m2t2": {
        "M1": {
            "x": -0.42820000000000036,
            "y": -0.0691999999999977
        },
        "M2": {
            "x": 0.6982999999999998,
            "y": -0.14019999999999988
        },
        "M3": {
            "x": -0.0004000000000000001,
            "y": -0.15000000000000002
        },
        "M4": {
            "x": 0.0,
            "y": -0.2
        },
        "M5": {
            "x": 0.043099999999999986,
            "y": -0.14260000000000006
        }
    },